Workbook

Sheet V_Data
A1: Employee ID | B1: Name | C1: Department | D1: Salary | E1: Joining Date | F1: Performance Score
A2: 1001 | B2: Alice Carter | C2: Marketing | D2: 50627 | E2: 42035 | F2: 8 | H2: 1 | I2: Salary of Emp ID 1017
A3: 1002 | B3: Benjamin Thompson | C3: Sales | D3: 48792 | E3: 42063 | F3: 5
A4: 1003 | B4: Charlotte Wilson | C4: Finance | D4: 83323 | E4: 42094 | F4: 2 | I4: ID | J4: 1017
A5: 1004 | B5: Daniel Martinez | C5: Sales | D5: 83021 | E5: 42124 | F5: 5 | H5: Match | I5: Row index | J5: =MATCH(J4,A2:A41,0) -> 17
A6: 1005 | B6: Emily Rodriguez | C6: Sales | D6: 48433 | E6: 42155 | F6: 8
A7: 1006 | B7: Frank Harris | C7: IT | D7: 83001 | E7: 42185 | F7: 9
A8: 1007 | B8: Grace Johnson | C8: Finance | D8: 51016 | E8: 42216 | F8: 9
A9: 1008 | B9: Henry Lewis | C9: Finance | D9: 63897 | E9: 42247 | F9: 1 | H9: Index | I9: =INDEX(D2:D41,17) -> 66531
A10: 1009 | B10: Isabella Hall | C10: Finance | D10: 42612 | E10: 42277 | F10: 9
A11: 1010 | B11: Jack Walker | C11: Sales | D11: 63483 | E11: 42308 | F11: 7
A12: 1011 | B12: Katherine Young | C12: Marketing | D12: 88555 | E12: 42338 | F12: 9 | I12: =INDEX(D2:D41,MATCH(J4,A2:A41,0)) -> 66531
A13: 1012 | B13: Liam Allen | C13: Finance | D13: 57159 | E13: 42369 | F13: 8
A14: 1013 | B14: Madison King | C14: Sales | D14: 84974 | E14: 42400 | F14: 1
A15: 1014 | B15: Noah Scott | C15: IT | D15: 80994 | E15: 42429 | F15: 8
A16: 1015 | B16: Olivia Wright | C16: Marketing | D16: 54541 | E16: 42460 | F16: 8
A17: 1016 | B17: Patrick Adams | C17: IT | D17: 75920 | E17: 42490 | F17: 3
A18: 1017 | B18: Quinn Evans | C18: Marketing | D18: 66531 | E18: 42521 | F18: 1
A19: 1018 | B19: Rachel Baker | C19: Sales | D19: 41585 | E19: 42551 | F19: 8
A20: 1019 | B20: Samuel Perez | C20: HR | D20: 43943 | E20: 42582 | F20: 3
A21: 1020 | B21: Taylor Clark | C21: Marketing | D21: 63939 | E21: 42613 | F21: 3
A22: 1021 | B22: Ulysses Turner | C22: IT | D22: 59457 | E22: 42643 | F22: 1
A23: 1022 | B23: Victoria Green | C23: Sales | D23: 41021 | E23: 42674 | F23: 5
A24: 1023 | B24: William White | C24: Marketing | D24: 51653 | E24: 42704 | F24: 7
... A41: 1040 | B41: Natalie Torres | C41: IT | D41: 41016 | E41: 43220 | F41: 5

Sheet VLookup
A1: Emp ID | B1: Salary | C1: Performance Score
A2: 1030 | B2: =VLOOKUP(A2,V_Data!$A$1:$F$41,4,0) -> 45675 | C2: =VLOOKUP($A2,V_Data!$A$1:$F$41,6,0) -> 7 | M2: =VLOOKUP(lookup_value, table_array, col_index_num, [range_lookup])
A3: 1000 | B3: =VLOOKUP(A3,V_Data!$A$1:$F$41,4,0) -> #N/A
A4: 1015 | B4: =VLOOKUP(A4,V_Data!$A$1:$F$41,4,0) -> 54541
A5: 1040 | B5: =VLOOKUP(A5,V_Data!$A$1:$F$41,4,0) -> 41016
A6: 1006 | B6: =VLOOKUP(A6,V_Data!$A$1:$F$41,4,0) -> 83001
A7: 1028 | B7: =VLOOKUP(A7,V_Data!$A$1:$F$41,4,0) -> 85758
A8: 1031 | B8: =VLOOKUP(A8,V_Data!$A$1:$F$41,4,0) -> 40161
A9: 1007 | B9: =VLOOKUP(A9,V_Data!$A$1:$F$41,4,0) -> 51016
A10: 1019 | B10: =VLOOKUP(A10,V_Data!$A$1:$F$41,4,0) -> 43943
A11: 1022 | B11: =VLOOKUP(A11,V_Data!$A$1:$F$41,4,0) -> 41021
A12: 1001 | B12: =VLOOKUP(A12,V_Data!$A$1:$F$41,4,0) -> 50627

Sheet H_Data
A1: Employee ID | B1: 1001 | C1: 1002 | D1: 1003 | E1: 1004 | F1: 1005 | G1: 1006 | H1: 1007 | I1: 1008 | J1: 1009 | K1: 1010 | L1: 1011 | M1: 1012 | N1: 1013 | O1: 1014 | P1: 1015 | Q1: 1016 | R1: 1017 | S1: 1018 | T1: 1019 | U1: 1020 | V1: 1021 | W1: 1022 | X1: 1023 | Y1: 1024 | Z1: 1025 | AA1: 1026 | AB1: 1027 | AC1: 1028 | AD1: 1029 | AE1: 1030 | AF1: 1031 | AG1: 1032 | AH1: 1033 | AI1: 1034 | AJ1: 1035 | AK1: 1036 | AL1: 1037 | AM1: 1038 | AN1: 1039 | AO1: 1040
A2: Name | B2: Alice Carter | C2: Benjamin Thompson | D2: Charlotte Wilson | E2: Daniel Martinez | F2: Emily Rodriguez | G2: Frank Harris | H2: Grace Johnson | I2: Henry Lewis | J2: Isabella Hall | K2: Jack Walker | L2: Katherine Young | M2: Liam Allen | N2: Madison King | O2: Noah Scott | P2: Olivia Wright | Q2: Patrick Adams | R2: Quinn Evans | S2: Rachel Baker | T2: Samuel Perez | U2: Taylor Clark | V2: Ulysses Turner | W2: Victoria Green | X2: William White | Y2: Xavier Nelson | Z2: Yolanda Moore | AA2: Zachary Hill | AB2: Amelia Cooper | AC2: Brandon Murphy | AD2: Chloe Reed | AE2: David Bell | AF2: Evelyn Howard | AG2: Felix Brooks | AH2: Gabriel Ward | AI2: Hannah Flores | AJ2: Isaac Simmons | AK2: Julia Butler | AL2: Kevin Gray | AM2: Laura Mitchell | AN2: Mason Carter | AO2: Natalie Torres
A3: Department | B3: Marketing | C3: Sales | D3: Finance | E3: Sales | F3: Sales | G3: IT | H3: Finance | I3: Finance | J3: Finance | K3: Sales | L3: Marketing | M3: Finance | N3: Sales | O3: IT | P3: Marketing | Q3: IT | R3: Marketing | S3: Sales | T3: HR | U3: Marketing | V3: IT | W3: Sales | X3: Marketing | Y3: HR | Z3: HR | AA3: Finance | AB3: Finance | AC3: IT | AD3: Marketing | AE3: Marketing | AF3: Finance | AG3: Marketing | AH3: Marketing | AI3: HR | AJ3: Finance | AK3: Sales | AL3: Finance | AM3: Sales | AN3: HR | AO3: IT
A4: Salary | B4: 50627 | C4: 48792 | D4: 83323 | E4: 83021 | F4: 48433 | G4: 83001 | H4: 51016 | I4: 63897 | J4: 42612 | K4: 63483 | L4: 88555 | M4: 57159 | N4: 84974 | O4: 80994 | P4: 54541 | Q4: 75920 | R4: 66531 | S4: 41585 | T4: 43943 | U4: 63939 | V4: 59457 | W4: 41021 | X4: 51653 | Y4: 83573 | Z4: 53417 | AA4: 80757 | AB4: 49692 | AC4: 85758 | AD4: 46873 | AE4: 45675 | AF4: 40161 | AG4: 77065 | AH4: 66557 | AI4: 73763 | AJ4: 72606 | AK4: 51534 | AL4: 69127 | AM4: 80397 | AN4: 65851 | AO4: 41016
A5: Joining Date | B5: 42035 | C5: 42063 | D5: 42094 | E5: 42124 | F5: 42155 | G5: 42185 | H5: 42216 | I5: 42247 | J5: 42277 | K5: 42308 | L5: 42338 | M5: 42369 | N5: 42400 | O5: 42429 | P5: 42460 | Q5: 42490 | R5: 42521 | S5: 42551 | T5: 42582 | U5: 42613 | V5: 42643 | W5: 42674 | X5: 42704 | Y5: 42735 | Z5: 42766 | AA5: 42794 | AB5: 42825 | AC5: 42855 | AD5: 42886 | AE5: 42916 | AF5: 42947 | AG5: 42978 | AH5: 43008 | AI5: 43039 | AJ5: 43069 | AK5: 43100 | AL5: 43131 | AM5: 43159 | AN5: 43190 | AO5: 43220
A6: Performance Score | B6: 8 | C6: 5 | D6: 2 | E6: 5 | F6: 8 | G6: 9 | H6: 9 | I6: 1 | J6: 9 | K6: 7 | L6: 9 | M6: 8 | N6: 1 | O6: 8 | P6: 8 | Q6: 3 | R6: 1 | S6: 8 | T6: 3 | U6: 3 | V6: 1 | W6: 5 | X6: 7 | Y6: 9 | Z6: 7 | AA6: 9 | AB6: 8 | AC6: 2 | AD6: 1 | AE6: 7 | AF6: 7 | AG6: 8 | AH6: 5 | AI6: 3 | AJ6: 8 | AK6: 6 | AL6: 3 | AM6: 1 | AN6: 3 | AO6: 5

Sheet HLookup
A1: Emp ID | B1: 1012 | C1: 1029 | D1: 1033 | E1: 1008 | F1: 1019 | G1: 1026 | H1: 1039 | I1: 1005 | J1: 1000
A2: Salary | B2: =HLOOKUP(B1,H_Data!A1:AO6,4,FALSE) -> 57159 | C2: =HLOOKUP(C1,H_Data!A1:AO6,4,FALSE) -> 46873 | J2: =_xlfn.IFNA(HLOOKUP(J1,H_Data!A1:AO6,4,FALSE),"value is not in table") -> value is not in table
A3: Performance score | M3: HLOOKUP(lookup_value, table_array, row_index_num, [range_lookup])
A4: Department

Sheet XLookup
A1: Name | B1: Salary | C1: Emp ID
A2: Benjamin Thompson | B2: =_xlfn.XLOOKUP(A2,V_Data!B:B,V_Data!D:D,"value nhi mili",0,1) -> 48792 | C2: =_xlfn.XLOOKUP(A2,V_Data!B:B,V_Data!D:D,"not") -> 48792
A3: Charlotte Wilson | B3: =_xlfn.XLOOKUP(A3,V_Data!B:B,V_Data!D:D,"value nhi mili",0,1) -> 83323
A4: Sneha | B4: =_xlfn.XLOOKUP(A4,V_Data!B:B,V_Data!D:D,"value nhi mili",0,1) -> value nhi mili
A5: Emily Rodriguez | B5: =_xlfn.XLOOKUP(A5,V_Data!B:B,V_Data!D:D,"value nhi mili",0,1) -> 48433
A6: jafar | B6: =_xlfn.XLOOKUP(A6,V_Data!B:B,V_Data!D:D,"value nhi mili",0,1) -> value nhi mili
A7: Ulysses Turner | B7: =_xlfn.XLOOKUP(A7,V_Data!B:B,V_Data!D:D,"value nhi mili",0,1) -> 59457
A8: Victoria Green | B8: =_xlfn.XLOOKUP(A8,V_Data!B:B,V_Data!D:D,"value nhi mili",0,1) -> 41021
A9: uday | B9: =_xlfn.XLOOKUP(A9,V_Data!B:B,V_Data!D:D,"value nhi mili",0,1) -> value nhi mili
A10: Laura Mitchell | B10: =_xlfn.XLOOKUP(A10,V_Data!B:B,V_Data!D:D,"value nhi mili",0,1) -> 80397
A11: Natalie Torres | B11: =_xlfn.XLOOKUP(A11,V_Data!B:B,V_Data!D:D,"value nhi mili",0,1) -> 41016
A12: akshay | B12: =_xlfn.XLOOKUP(A12,V_Data!B:B,V_Data!D:D,"value nhi mili",0,1) -> value nhi mili
A13: Isabella Hall | B13: =_xlfn.XLOOKUP(A13,V_Data!B:B,V_Data!D:D,"value nhi mili",0,1) -> 42612
A14: Olivia Wright | B14: =_xlfn.XLOOKUP(A14,V_Data!B:B,V_Data!D:D,"value nhi mili",0,1) -> 54541
... A18: Yolanda Moore | B18: =_xlfn.XLOOKUP(A18,V_Data!B:B,V_Data!D:D,"value nhi mili",0,1) -> 53417
A19: Amelia Cooper
A20: Evelyn Howard
A21: Hannah Flores
A22: Isaac Simmons
A23: Alice Carter
A24: Frank Harris
A25: Madison King
A26: Rachel Baker
A27: Samuel Perez
A28: Taylor Clark
A29: Zachary Hill
A30: Felix Brooks
... A41: Kevin Gray

Sheet Index Match
D12: match | E12: index
A13: What is the Department of employee ID 1015? | B13: 1015 | D13: =MATCH(B13,V_Data!A:A,0) -> 16 | E13: =INDEX(V_Data!C:C,16) -> Marketing | G13: =INDEX(V_Data!C:C,MATCH(1015,V_Data!A:A,0)) -> Marketing
A14: What is the Salary of employee Grace Johnson? | B14: Grace Johnson
A15: What is the Joining Date of employee ID 1032? | B15: 1032
A16: What is the Performance Score of employee Jack Walker? | B16: Jack Walker
A17: What is the Name of the employee who has employee ID 1028? | B17: 1028
A18: What is the Department of the employee Olivia Wright? | B18: Olivia Wright
A19: What is the Performance Score of the employee in the HR department with employee ID 1039? | B19: 1039
A20: What is the Joining Date of employee Benjamin Thompson? | B20: Benjamin Thomson
A21: What is the Performance Score of the employee Zachary Hill? | B21: Zachary Hill
A22: What is the Department of employee ID 1007? | B22: 1007
A23: What is the Salary of employee Daniel Martinez? | B23: Daniel Martinez
A24: What is the Joining Date of employee ID 1031? | B24: 1031

Sheet Functions
A1: Name | B1: Department | C1: Sales | D1: Region
A2: John | B2: Marketing | C2: 5000 | D2: North
A3: Alice | B3: Sales | C3: 7000 | D3: South | G3: 1 | H3: Find how much sales done by Marketing department?
A4: Bob | B4: Marketing | C4: 3000 | D4: East | G4: 2 | H4: Find the sales where the department is "Sales" and the region is "East"?
A5: Emma | B5: Sales | C5: 4000 | D5: West | G5: 3 | H5: Find the count of how many times "Marketing" appears in the department column?
A6: David | B6: HR | C6: 2000 | D6: North | G6: 4 | H6: Find the count of how many employees are in the "HR" department and located in the "South" region?
A7: Lucy | B7: Sales | C7: 6000 | D7: East | G7: 5 | H7: Count the number of departments in the organization
A8: Oliver | B8: Marketing | C8: 4500 | D8: West
A9: Sophie | B9: HR | C9: 3500 | D9: South
B12: sumif | C12: =SUMIF(Table1[Department],"Marketing",Table1[Sales]) -> 12500 | D12: =SUMIF(Table1[Department],"Marketing",Table1[Sales]) -> 12500
B13: sumifs | C13: =SUMIFS(Table1[Sales],Table1[Department],"Sales",Table1[Region],"East") -> 6000 | D13: =SUMIFS(Table1[Sales],Table1[Department],"Sales",Table1[Region],"East") -> 6000
B14: countif | C14: =COUNTIF(Table1[Department],"Marketing") -> 3
B15: countifs | C15: =COUNTIFS(Table1[Department],"HR",Table1[Region],"South") -> 1
B16: unique | F16: {=_xlfn.UNIQUE(Table1[Department])} -> Marketing
B17: counta(unique()) | F17: Sales
F18: HR
F19: =COUNTA(_xlfn.UNIQUE(Table1[Department])) -> 3

Sheet Task
A1: Product | B1: Category | C1: Price | D1: Quantity Sold | E1: Region
A2: Laptop | B2: Electronics | C2: 1200 | D2: 15 | E2: North
A3: Smartphone | B3: Electronics | C3: 800 | D3: 30 | E3: South | G3: 1 | H3: Find the sum of prices of all products in the "Electronics" category?
A4: Tablet | B4: Electronics | C4: 500 | D4: 20 | E4: East | G4: 2 | H4: Find the sum of prices from "Electronics" products in the "South" region.
A5: Headphones | B5: Accessories | C5: 150 | D5: 40 | E5: West | G5: 3 | H5: Find the count of how many products are in the "Accessories" category.
A6: Keyboard | B6: Accessories | C6: 100 | D6: 25 | E6: North | G6: 4 | H6: Find the count of how many "Electronics" products were sold in the "North" region?
A7: Monitor | B7: Electronics | C7: 300 | D7: 10 | E7: South | G7: 5 | H7: Count the number of products
A8: Mouse | B8: Accessories | C8: 50 | D8: 35 | E8: East
A9: Printer | B9: Electronics | C9: 200 | D9: 5 | E9: West
B12: sumif
B13: sumifs
B14: countif
B15: countifs
